,Zip,City,County,Type,Area,Value,Year,Total-Population,Hispanic,White,Black,Native,Asian,Other,Total,Diversity Index
0,76574,Taylor,Williamson County,Rural,North,106847.78,2011,17213,35.3,54.0,8.6,0.0,1.8,0.3,100.0,0.576062
1,76574,Taylor,Williamson County,Rural,North,106776.56,2012,17775,34.5,53.6,8.9,0.0,2.0,1.0,100.0,0.585258
2,76574,Taylor,Williamson County,Rural,North,107119.61,2013,18037,36.8,51.1,9.8,0.0,0.2,2.2,100.1,0.593363
3,76574,Taylor,Williamson County,Rural,North,107849.07,2014,18135,35.3,51.9,9.9,0.0,0.4,2.5,100.0,0.595588
4,76574,Taylor,Williamson County,Rural,North,109096.49,2015,18281,41.4,46.0,9.6,0.1,0.7,2.1,99.9,0.607297
5,76574,Taylor,Williamson County,Rural,North,111104.17,2016,18502,35.4,49.3,11.2,0.1,0.8,3.2,100.0,0.618002
6,76574,Taylor,Williamson County,Rural,North,113822.62,2017,18939,40.3,47.2,9.3,0.1,0.6,2.6,100.1,0.605445
7,78602,Bastrop,Bastrop County,Rural,East,115163.33,2011,24532,21.8,65.8,9.7,0.2,0.8,1.6,99.9,0.509779
8,78602,Bastrop,Bastrop County,Rural,East,115852.6,2012,25594,23.3,64.5,9.2,0.4,0.8,1.8,100.0,0.520818
9,78602,Bastrop,Bastrop County,Rural,East,116555.39,2013,26278,26.0,61.8,8.9,0.4,0.9,1.9,99.9,0.542097
10,78602,Bastrop,Bastrop County,Rural,East,117725.46,2014,25444,26.5,61.8,8.4,0.9,1.1,1.4,100.1,0.540397
11,78602,Bastrop,Bastrop County,Rural,East,119269.74,2015,25855,27.8,62.1,6.7,0.8,1.0,1.6,100.0,0.532166
12,78602,Bastrop,Bastrop County,Rural,East,121642.5,2016,27043,27.5,62.1,6.9,0.7,1.4,1.4,100.0,0.533532
13,78602,Bastrop,Bastrop County,Rural,East,124553.57,2017,28027,30.5,59.3,7.0,0.7,1.4,1.1,100.0,0.55006
14,78610,Buda,Hays County,Suburban,South,169191.11,2011,22052,34.7,61.6,1.3,0.3,0.8,1.3,100.0,0.499724
15,78610,Buda,Hays County,Suburban,South,170217.19,2012,24313,36.6,59.1,2.0,0.2,0.8,1.4,100.1,0.516099
16,78610,Buda,Hays County,Suburban,South,171498.53,2013,25580,39.6,55.7,2.1,0.2,1.1,1.3,100.0,0.5322
17,78610,Buda,Hays County,Suburban,South,173437.04,2014,26991,41.7,53.2,2.7,0.2,0.8,1.3,99.9,0.542121
18,78610,Buda,Hays County,Suburban,South,176327.63,2015,29200,43.1,50.9,3.4,0.2,1.2,1.2,100.0,0.55371
19,78610,Buda,Hays County,Suburban,South,179742.08,2016,30452,41.9,50.8,3.9,0.0,1.7,1.7,100.0,0.564276
20,78610,Buda,Hays County,Suburban,South,183435.71,2017,32692,39.5,52.4,3.9,0.0,1.8,2.3,99.9,0.567025
21,78612,Cedar Creek,Bastrop County,Rural,East,114037.22,2011,11373,40.0,50.8,7.3,0.0,1.2,0.7,100.0,0.576414
22,78612,Cedar Creek,Bastrop County,Rural,East,115214.58,2012,11564,39.7,50.3,7.8,0.0,1.2,1.0,100.0,0.583054
23,78612,Cedar Creek,Bastrop County,Rural,East,116302.45,2013,10807,39.0,50.2,8.8,0.0,1.4,0.7,100.1,0.587907
24,78612,Cedar Creek,Bastrop County,Rural,East,117620.83,2014,12032,40.2,44.8,13.1,0.4,1.1,0.4,100.0,0.620378
25,78612,Cedar Creek,Bastrop County,Rural,East,119150.88,2015,11622,39.7,42.2,15.9,0.3,1.6,0.3,100.0,0.6387520000000001
26,78612,Cedar Creek,Bastrop County,Rural,East,121744.58,2016,12369,46.0,41.8,10.5,0.3,1.0,0.4,100.0,0.602526
27,78612,Cedar Creek,Bastrop County,Rural,East,125026.59,2017,12484,44.1,46.0,8.3,0.3,0.6,0.8,100.1,0.586921
28,78613,Cedar Park,Williamson County,Suburban,North,192908.33,2011,63901,16.0,70.3,5.3,0.3,5.9,2.1,99.9,0.473451
29,78613,Cedar Park,Williamson County,Suburban,North,193429.69,2012,65178,15.7,70.3,4.9,0.2,6.6,2.2,99.9,0.473897
30,78613,Cedar Park,Williamson County,Suburban,North,194310.78,2013,68426,15.6,70.6,4.1,0.2,7.0,2.5,100.0,0.47001800000000005
31,78613,Cedar Park,Williamson County,Suburban,North,196270.37,2014,70764,14.4,70.3,4.7,0.2,7.5,3.0,100.1,0.476317
32,78613,Cedar Park,Williamson County,Suburban,North,199062.28,2015,73448,16.4,69.0,4.0,0.3,7.7,2.5,99.9,0.48884099999999997
33,78613,Cedar Park,Williamson County,Suburban,North,202527.5,2016,75279,17.8,67.0,3.5,0.2,8.3,3.2,100.0,0.510274
34,78613,Cedar Park,Williamson County,Suburban,North,206590.08,2017,77779,18.6,66.3,3.1,0.2,8.3,3.5,100.0,0.516756
35,78617,Austin,Travis County,Suburban,East,120441.11,2011,18572,67.5,19.2,9.3,0.3,1.4,2.3,100.0,0.49812799999999996
36,78617,Austin,Travis County,Suburban,East,120333.33,2012,19553,66.8,20.8,8.8,0.3,1.1,2.1,99.9,0.502197
37,78617,Austin,Travis County,Suburban,East,120444.61,2013,21096,65.2,19.8,10.5,0.3,2.1,2.1,100.0,0.523776
38,78617,Austin,Travis County,Suburban,East,121178.24,2014,23025,66.1,19.2,11.0,0.3,1.5,1.9,100.0,0.51352
39,78617,Austin,Travis County,Suburban,East,122473.25,2015,25473,66.4,17.8,10.8,0.1,2.1,2.9,100.1,0.514473
40,78617,Austin,Travis County,Suburban,East,124471.67,2016,26126,72.2,14.9,9.9,0.1,1.3,1.7,100.1,0.446255
41,78617,Austin,Travis County,Suburban,East,127058.73,2017,27900,72.8,14.4,9.4,0.1,1.6,1.8,100.1,0.439863
42,78619,Driftwood,Hays County,Rural,South,336850.0,2011,3532,4.0,92.8,0.0,2.3,0.3,0.5,99.9,0.136653
43,78619,Driftwood,Hays County,Rural,South,337624.48,2012,3504,5.1,94.3,0.0,0.0,0.3,0.4,100.1,0.108125
44,78619,Driftwood,Hays County,Rural,South,340019.12,2013,3446,3.4,95.8,0.1,0.0,0.3,0.3,99.9,0.08106100000000001
45,78619,Driftwood,Hays County,Rural,South,343506.48,2014,3805,5.2,94.4,0.2,0.0,0.3,0.0,100.1,0.106147
46,78619,Driftwood,Hays County,Rural,South,348226.32,2015,3824,11.4,88.0,0.2,0.0,0.4,0.0,100.0,0.21258400000000002
47,78619,Driftwood,Hays County,Rural,South,354105.0,2016,3585,11.0,87.1,0.3,0.0,0.9,0.6,99.9,0.229133
48,78619,Driftwood,Hays County,Rural,South,359766.27,2017,4124,12.6,81.5,0.3,4.2,0.8,0.6,100.0,0.31802600000000003
49,78620,Dripping Springs,Hays County,Rural,South,254146.67,2011,14578,13.8,82.3,1.3,0.6,1.0,1.0,100.0,0.303222
50,78620,Dripping Springs,Hays County,Rural,South,255690.62,2012,14483,12.0,85.4,0.7,0.4,0.7,0.8,100.0,0.256106
51,78620,Dripping Springs,Hays County,Rural,South,257525.0,2013,14660,12.0,84.9,0.5,0.5,0.5,1.6,100.0,0.264468
52,78620,Dripping Springs,Hays County,Rural,South,260495.83,2014,14104,12.1,84.4,0.3,0.4,0.5,2.3,100.0,0.272444
53,78620,Dripping Springs,Hays County,Rural,South,264591.67,2015,14614,12.4,85.0,0.3,0.1,0.7,1.5,100.0,0.26184
54,78620,Dripping Springs,Hays County,Rural,South,270367.92,2016,15140,13.0,84.7,0.2,0.1,0.5,1.5,100.0,0.265436
55,78620,Dripping Springs,Hays County,Rural,South,276838.1,2017,15452,16.8,79.9,0.5,0.2,0.7,2.0,100.1,0.332897
56,78621,Elgin,Bastrop County,Rural,East,111208.33,2011,22273,37.8,46.5,11.5,0.2,0.5,3.4,99.9,0.6264810000000001
57,78621,Elgin,Bastrop County,Rural,East,111364.58,2012,21352,37.5,48.8,10.4,0.2,0.5,2.7,100.1,0.609657
58,78621,Elgin,Bastrop County,Rural,East,111510.29,2013,21863,38.1,50.0,9.0,0.1,0.5,2.2,99.9,0.596229
59,78621,Elgin,Bastrop County,Rural,East,112120.37,2014,22289,37.7,50.1,8.3,0.1,0.5,3.2,99.9,0.598931
60,78621,Elgin,Bastrop County,Rural,East,113278.07,2015,21735,38.9,50.0,8.5,0.0,0.7,1.9,100.0,0.591044
61,78621,Elgin,Bastrop County,Rural,East,115032.08,2016,22185,38.4,48.6,11.0,0.0,0.5,1.5,100.0,0.6039979999999999
62,78621,Elgin,Bastrop County,Rural,East,117398.81,2017,22261,39.2,46.2,12.5,0.0,0.4,1.7,100.0,0.616962
63,78626,Georgetown,Williamson County,Suburban,North,146210.56,2011,27211,40.4,52.6,4.6,0.1,1.0,1.3,100.0,0.557722
64,78626,Georgetown,Williamson County,Suburban,North,146435.42,2012,27412,39.4,53.2,5.3,0.1,0.7,1.4,100.1,0.558685
65,78626,Georgetown,Williamson County,Suburban,North,146811.27,2013,27346,38.4,55.0,4.3,0.0,0.9,1.4,100.0,0.547918
66,78626,Georgetown,Williamson County,Suburban,North,148042.59,2014,28092,39.5,54.2,3.8,0.1,0.9,1.5,100.0,0.5484600000000001
67,78626,Georgetown,Williamson County,Suburban,North,149907.89,2015,28876,34.4,58.5,4.1,0.0,1.1,1.8,99.9,0.537313
68,78626,Georgetown,Williamson County,Suburban,North,152535.83,2016,30163,35.3,58.5,3.8,0.0,1.1,1.4,100.1,0.531405
69,78626,Georgetown,Williamson County,Suburban,North,155823.02,2017,32529,33.0,58.9,5.6,0.0,1.1,1.4,100.0,0.540726
70,78628,Georgetown,Williamson County,Suburban,North,205372.78,2011,23269,16.8,77.6,2.3,0.0,1.4,1.9,100.0,0.368514
71,78628,Georgetown,Williamson County,Suburban,North,206577.08,2012,23288,17.7,77.5,2.4,0.0,1.2,1.3,100.1,0.367157
72,78628,Georgetown,Williamson County,Suburban,North,208377.45,2013,24603,17.1,78.2,2.3,0.0,1.1,1.3,100.0,0.358416
73,78628,Georgetown,Williamson County,Suburban,North,210742.13,2014,24856,15.4,79.4,3.4,0.0,0.6,1.2,100.0,0.344512
74,78628,Georgetown,Williamson County,Suburban,North,213759.65,2015,26544,13.5,79.8,4.0,0.0,0.9,1.8,100.0,0.342966
75,78628,Georgetown,Williamson County,Suburban,North,217742.92,2016,27637,15.1,80.1,2.7,0.0,0.9,1.2,100.0,0.334644
76,78628,Georgetown,Williamson County,Suburban,North,221893.25,2017,30322,15.1,78.9,2.4,0.2,0.8,2.6,100.0,0.353358
77,78633,Georgetown,Williamson County,Suburban,North,209279.44,2011,17181,5.3,93.2,0.3,0.3,0.6,0.3,100.0,0.128504
78,78633,Georgetown,Williamson County,Suburban,North,209988.54,2012,17556,4.7,93.2,0.6,0.4,0.6,0.4,99.9,0.129063
79,78633,Georgetown,Williamson County,Suburban,North,211386.76,2013,18462,4.8,92.4,0.7,0.4,1.3,0.3,99.9,0.143677
80,78633,Georgetown,Williamson County,Suburban,North,214051.39,2014,19593,5.0,92.0,0.8,0.5,1.2,0.3,99.8,0.150858
81,78633,Georgetown,Williamson County,Suburban,North,217566.67,2015,21980,4.5,92.4,1.0,0.3,1.4,0.4,100.0,0.143878
82,78633,Georgetown,Williamson County,Suburban,North,221635.0,2016,23369,5.4,91.3,1.1,0.5,1.1,0.6,100.0,0.163212
83,78633,Georgetown,Williamson County,Suburban,North,225686.11,2017,24727,6.0,90.2,0.9,0.5,1.4,1.1,100.1,0.182373
84,78634,Hutto,Williamson County,Suburban,North,144710.0,2011,21778,31.9,54.7,11.2,0.1,0.3,1.8,100.0,0.586152
85,78634,Hutto,Williamson County,Suburban,North,144751.56,2012,22731,31.8,55.9,10.7,0.1,0.3,1.2,100.0,0.574792
86,78634,Hutto,Williamson County,Suburban,North,145346.08,2013,24306,29.5,54.2,14.3,0.0,0.4,1.6,100.0,0.59849
87,78634,Hutto,Williamson County,Suburban,North,146727.31,2014,25421,32.7,53.1,11.7,0.0,0.4,2.1,100.0,0.596964
88,78634,Hutto,Williamson County,Suburban,North,148539.04,2015,26701,30.4,55.3,11.6,0.0,0.7,2.0,100.0,0.58787
89,78634,Hutto,Williamson County,Suburban,North,150869.58,2016,28479,30.7,53.4,11.9,0.2,2.1,1.7,100.0,0.6057
90,78634,Hutto,Williamson County,Suburban,North,153701.98,2017,29770,32.2,50.8,12.9,0.1,1.7,2.3,100.0,0.620792
91,78640,Kyle,Hays County,Suburban,South,139470.0,2011,40699,56.4,36.9,4.3,0.2,1.2,1.2,100.2,0.543602
92,78640,Kyle,Hays County,Suburban,South,139663.54,2012,42080,55.8,37.5,4.5,0.2,1.0,1.0,100.0,0.545782
93,78640,Kyle,Hays County,Suburban,South,140169.61,2013,43427,53.0,39.2,5.7,0.2,0.8,1.0,99.9,0.5620189999999999
94,78640,Kyle,Hays County,Suburban,South,141281.02,2014,45136,52.8,39.6,5.6,0.2,0.6,1.2,100.0,0.56108
95,78640,Kyle,Hays County,Suburban,South,143004.39,2015,45772,51.2,41.8,4.8,0.1,0.6,1.4,99.9,0.560595
96,78640,Kyle,Hays County,Suburban,South,145240.42,2016,48804,50.7,41.9,5.0,0.2,0.5,1.7,100.0,0.5645720000000001
97,78640,Kyle,Hays County,Suburban,South,147932.94,2017,52981,53.8,39.8,4.1,0.2,0.6,1.5,100.0,0.5502060000000001
98,78641,Leander,Williamson County,Suburban,North,165666.67,2011,43655,20.0,73.4,3.1,0.2,1.8,1.6,100.1,0.419699
99,78641,Leander,Williamson County,Suburban,North,165729.69,2012,47490,22.7,70.3,3.4,0.1,1.9,1.6,100.0,0.452488
100,78641,Leander,Williamson County,Suburban,North,166346.57,2013,48854,24.1,68.8,2.8,0.2,1.9,2.1,99.9,0.46698500000000004
101,78641,Leander,Williamson County,Suburban,North,167725.93,2014,51247,25.3,67.5,2.6,0.4,1.8,2.5,100.1,0.478725
102,78641,Leander,Williamson County,Suburban,North,169812.72,2015,52984,25.0,67.1,3.3,0.3,1.7,2.6,100.0,0.485196
103,78641,Leander,Williamson County,Suburban,North,172537.92,2016,55933,23.8,67.0,3.3,0.4,2.1,3.3,99.9,0.491821
104,78641,Leander,Williamson County,Suburban,North,176030.95,2017,60135,24.0,66.3,3.6,0.4,2.7,3.1,100.1,0.499829
105,78642,Liberty Hill,Williamson County,Suburban,North,218231.11,2011,8498,8.4,86.1,0.7,0.8,0.3,3.8,100.1,0.25005700000000003
106,78642,Liberty Hill,Williamson County,Suburban,North,219885.94,2012,9175,14.4,80.7,0.7,0.6,0.4,3.2,100.0,0.32689
107,78642,Liberty Hill,Williamson County,Suburban,North,221584.31,2013,9341,14.6,82.4,0.7,0.4,0.4,1.5,100.0,0.299402
108,78642,Liberty Hill,Williamson County,Suburban,North,224280.09,2014,9867,14.2,83.2,0.7,0.1,0.5,1.2,99.9,0.287393
109,78642,Liberty Hill,Williamson County,Suburban,North,227993.86,2015,9879,12.2,84.9,0.6,0.1,0.5,1.6,99.9,0.263997
110,78642,Liberty Hill,Williamson County,Suburban,North,232017.08,2016,10416,11.5,85.7,0.4,0.1,0.2,2.1,100.0,0.251864
111,78642,Liberty Hill,Williamson County,Suburban,North,237365.48,2017,11087,10.6,86.0,0.4,0.0,0.3,2.6,99.9,0.24846300000000002
112,78644,Lockhart,Caldwell County,Rural,South,92184.44,2011,16772,43.1,47.7,7.7,0.3,0.2,1.1,100.1,0.580647
113,78644,Lockhart,Caldwell County,Rural,South,92981.77,2012,16820,46.9,43.6,8.0,0.5,0.0,0.9,99.9,0.583437
114,78644,Lockhart,Caldwell County,Rural,South,93864.22,2013,17542,49.0,42.3,7.0,0.2,0.3,1.2,100.0,0.575914
115,78644,Lockhart,Caldwell County,Rural,South,95004.17,2014,17276,49.6,41.4,7.4,0.1,0.4,1.1,100.0,0.576974
116,78644,Lockhart,Caldwell County,Rural,South,96321.93,2015,18282,52.1,40.1,6.2,0.1,0.4,1.0,99.9,0.563797
117,78644,Lockhart,Caldwell County,Rural,South,97872.92,2016,18558,51.4,40.9,6.5,0.1,0.2,0.8,99.9,0.564229
118,78644,Lockhart,Caldwell County,Rural,South,99840.48,2017,18287,51.2,40.8,4.9,0.2,2.1,0.8,100.0,0.5684819999999999
119,78645,Lago Vista,Travis County,Suburban,West,168929.44,2011,10308,7.1,90.4,1.0,0.2,0.2,1.2,100.1,0.177491
120,78645,Lago Vista,Travis County,Suburban,West,169408.33,2012,10012,12.7,85.0,1.1,0.2,0.1,0.9,100.0,0.261164
121,78645,Lago Vista,Travis County,Suburban,West,170341.18,2013,10148,10.5,87.3,0.9,0.2,0.3,0.9,100.1,0.226671
122,78645,Lago Vista,Travis County,Suburban,West,171487.04,2014,10312,11.9,85.3,1.2,0.3,0.3,1.2,100.2,0.257924
123,78645,Lago Vista,Travis County,Suburban,West,173409.65,2015,10274,13.2,83.3,0.9,0.3,0.3,2.0,100.0,0.288188
124,78645,Lago Vista,Travis County,Suburban,West,175819.17,2016,10290,15.2,80.1,1.9,0.3,0.8,1.7,100.0,0.334572
125,78645,Lago Vista,Travis County,Suburban,West,179467.06,2017,10705,11.2,83.9,2.0,0.4,0.8,1.7,100.0,0.28276599999999996
126,78648,Luling,Caldwell County,Rural,South,57609.44,2011,7899,39.8,50.4,8.2,1.4,0.0,0.2,100.0,0.5806560000000001
127,78648,Luling,Caldwell County,Rural,South,58555.21,2012,7971,35.3,54.7,9.9,0.0,0.0,0.1,100.0,0.56638
128,78648,Luling,Caldwell County,Rural,South,59588.24,2013,7866,33.5,57.3,9.0,0.1,0.0,0.1,100.0,0.551344
129,78648,Luling,Caldwell County,Rural,South,60795.83,2014,8238,37.0,55.8,6.9,0.1,0.0,0.1,99.9,0.5469729999999999
130,78648,Luling,Caldwell County,Rural,South,62201.75,2015,7824,34.5,58.5,6.6,0.2,0.1,0.1,100.0,0.534388
131,78648,Luling,Caldwell County,Rural,South,63763.33,2016,7746,38.1,54.0,7.5,0.1,0.1,0.2,100.0,0.557608
132,78648,Luling,Caldwell County,Rural,South,65507.54,2017,7791,42.8,49.6,6.7,0.2,0.5,0.3,100.1,0.5662729999999999
133,78652,San Leanna,Travis County,Suburban,South,173421.67,2011,4256,22.5,73.2,3.1,0.0,0.3,0.9,100.0,0.4125
134,78652,San Leanna,Travis County,Suburban,South,174557.29,2012,4687,27.8,67.0,3.1,0.0,1.3,0.7,99.9,0.472637
135,78652,San Leanna,Travis County,Suburban,South,176201.96,2013,5117,30.7,66.0,1.6,0.0,1.1,0.6,100.0,0.469738
136,78652,San Leanna,Travis County,Suburban,South,178657.41,2014,5408,33.7,62.7,1.7,0.0,1.2,0.8,100.1,0.492805
137,78652,San Leanna,Travis County,Suburban,South,182007.02,2015,5355,32.3,64.4,1.6,0.0,1.6,0.0,99.9,0.48042299999999993
138,78652,San Leanna,Travis County,Suburban,South,186942.92,2016,4919,36.6,60.6,1.2,0.0,1.5,0.0,99.9,0.498439
139,78652,San Leanna,Travis County,Suburban,South,192636.51,2017,4965,37.1,59.4,2.9,0.0,0.6,0.0,100.0,0.508646
140,78653,Manor,Travis County,Suburban,East,132725.56,2011,14631,46.2,32.6,19.5,0.0,1.2,0.5,100.0,0.6420859999999999
141,78653,Manor,Travis County,Suburban,East,132582.81,2012,15783,48.2,27.1,22.4,0.0,1.1,1.2,100.0,0.643794
142,78653,Manor,Travis County,Suburban,East,133012.75,2013,16917,50.9,24.4,21.8,0.0,1.8,1.1,100.0,0.633414
143,78653,Manor,Travis County,Suburban,East,133803.24,2014,17968,45.0,27.6,23.1,0.0,1.9,2.4,100.0,0.667026
144,78653,Manor,Travis County,Suburban,East,135073.68,2015,19072,51.2,22.2,24.3,0.0,0.7,1.5,99.9,0.629249
145,78653,Manor,Travis County,Suburban,East,137208.33,2016,19328,47.3,25.3,23.7,0.0,1.0,2.6,99.9,0.655317
146,78653,Manor,Travis County,Suburban,East,139737.7,2017,20822,46.9,24.8,23.4,0.0,1.6,3.4,100.1,0.662367
147,78655,Martindale,Caldwell County,Rural,South,122433.89,2011,3694,60.2,29.4,9.2,0.0,0.0,1.2,100.0,0.542552
148,78655,Martindale,Caldwell County,Rural,South,123488.54,2012,3684,60.6,33.4,5.1,0.0,0.0,0.9,100.0,0.518526
149,78655,Martindale,Caldwell County,Rural,South,124623.53,2013,3917,64.9,29.3,5.0,0.0,0.0,0.8,100.0,0.490386
150,78655,Martindale,Caldwell County,Rural,South,126363.43,2014,4006,68.7,28.1,2.9,0.0,0.0,0.3,100.0,0.44822
151,78655,Martindale,Caldwell County,Rural,South,128659.21,2015,3574,69.1,26.8,3.9,0.0,0.0,0.3,100.1,0.449165
152,78655,Martindale,Caldwell County,Rural,South,131090.0,2016,3431,66.1,30.4,3.1,0.0,0.0,0.3,99.9,0.469693
153,78655,Martindale,Caldwell County,Rural,South,134409.52,2017,3415,69.4,27.1,3.2,0.0,0.0,0.3,100.0,0.44388999999999995
154,78659,Paige,Bastrop County,Rural,East,90918.33,2011,3052,8.4,91.2,0.0,0.0,0.4,0.0,100.0,0.161184
155,78659,Paige,Bastrop County,Rural,East,92138.02,2012,2799,7.4,91.5,0.6,0.0,0.5,0.0,100.0,0.15723800000000002
156,78659,Paige,Bastrop County,Rural,East,93118.63,2013,3140,5.9,89.5,3.9,0.0,0.8,0.0,100.1,0.193909
157,78659,Paige,Bastrop County,Rural,East,94512.5,2014,2870,13.8,81.7,3.4,0.0,1.1,0.0,100.0,0.31219
158,78659,Paige,Bastrop County,Rural,East,96956.58,2015,3118,13.7,81.9,3.6,0.9,0.0,0.0,100.1,0.309093
159,78659,Paige,Bastrop County,Rural,East,100156.67,2016,3093,12.9,81.5,4.6,1.0,0.0,0.0,100.0,0.316918
160,78659,Paige,Bastrop County,Rural,East,103202.78,2017,3136,14.4,79.0,3.9,1.0,0.3,1.5,100.1,0.35330900000000004
161,78660,Pflugerville,Travis County,Suburban,North,157378.89,2011,67630,29.5,43.6,14.8,0.2,9.9,1.9,99.9,0.690809
162,78660,Pflugerville,Travis County,Suburban,North,157928.65,2012,70407,30.2,43.7,14.9,0.3,9.4,1.6,100.1,0.686525
163,78660,Pflugerville,Travis County,Suburban,North,158752.94,2013,75038,30.5,43.1,14.5,0.3,10.0,1.6,100.0,0.689924
164,78660,Pflugerville,Travis County,Suburban,North,160013.89,2014,77046,29.6,45.4,14.3,0.3,9.1,1.5,100.2,0.677304
165,78660,Pflugerville,Travis County,Suburban,North,161915.79,2015,79067,30.7,44.4,14.2,0.3,8.7,1.6,99.9,0.680617
166,78660,Pflugerville,Travis County,Suburban,North,164554.58,2016,81698,30.2,43.0,15.2,0.3,9.7,1.6,100.0,0.691118
167,78660,Pflugerville,Travis County,Suburban,North,167819.05,2017,85450,32.0,42.4,14.5,0.2,9.2,1.7,100.0,0.688042
168,78664,Round Rock,Williamson County,Suburban,North,141281.67,2011,51942,33.9,47.8,11.3,0.3,3.9,2.8,100.0,0.641512
169,78664,Round Rock,Williamson County,Suburban,North,141304.69,2012,54864,35.6,45.8,11.9,0.3,3.7,2.7,100.0,0.6472319999999999
170,78664,Round Rock,Williamson County,Suburban,North,141609.8,2013,57806,36.8,44.2,11.6,0.2,4.3,2.9,100.0,0.653062
171,78664,Round Rock,Williamson County,Suburban,North,142488.43,2014,58959,36.8,44.6,11.1,0.1,4.6,2.6,99.8,0.650546
172,78664,Round Rock,Williamson County,Suburban,North,144251.32,2015,59765,36.3,44.3,12.3,0.2,4.8,2.2,100.1,0.654061
173,78664,Round Rock,Williamson County,Suburban,North,146665.83,2016,60884,36.3,44.6,11.8,0.1,4.5,2.7,100.0,0.652636
174,78664,Round Rock,Williamson County,Suburban,North,149458.73,2017,61361,33.5,46.0,11.9,0.0,5.5,3.0,99.9,0.658089
175,78665,Round Rock,Williamson County,Suburban,North,176309.44,2011,31767,22.2,60.2,9.9,0.1,6.5,1.1,100.0,0.574164
176,78665,Round Rock,Williamson County,Suburban,North,177030.21,2012,33133,22.6,60.3,8.6,0.2,6.7,1.5,99.9,0.5732010000000001
177,78665,Round Rock,Williamson County,Suburban,North,178077.45,2013,36291,24.3,58.6,7.7,0.1,7.5,1.6,99.8,0.5857439999999999
178,78665,Round Rock,Williamson County,Suburban,North,179667.13,2014,38829,23.4,57.1,9.8,0.2,7.8,1.7,100.0,0.603222
179,78665,Round Rock,Williamson County,Suburban,North,182248.25,2015,41517,24.0,55.0,11.4,0.1,7.6,1.8,99.9,0.620803
180,78665,Round Rock,Williamson County,Suburban,North,185601.25,2016,43715,24.6,52.1,12.0,0.1,8.4,2.8,100.0,0.6458020000000001
181,78665,Round Rock,Williamson County,Suburban,North,189084.13,2017,46109,26.9,50.7,10.7,0.1,8.1,3.4,99.9,0.651423
182,78666,San Marcos,Hays County,Suburban,South,125472.78,2011,61953,41.2,50.3,5.2,0.4,1.4,1.5,100.0,0.574106
183,78666,San Marcos,Hays County,Suburban,South,126218.23,2012,63255,41.2,50.2,5.1,0.4,1.5,1.7,100.1,0.575121
184,78666,San Marcos,Hays County,Suburban,South,127045.59,2013,66027,42.9,49.1,4.5,0.4,1.5,1.5,99.9,0.572387
185,78666,San Marcos,Hays County,Suburban,South,128168.98,2014,68704,42.1,49.6,4.4,0.4,1.4,2.1,100.0,0.5741539999999999
186,78666,San Marcos,Hays County,Suburban,South,129914.04,2015,72866,42.5,49.0,4.7,0.5,1.4,2.0,100.1,0.576445
187,78666,San Marcos,Hays County,Suburban,South,132295.42,2016,75968,44.2,47.3,4.8,0.3,1.5,1.9,100.0,0.578008
188,78666,San Marcos,Hays County,Suburban,South,135079.37,2017,77355,43.6,47.7,5.2,0.1,1.5,1.8,99.9,0.579121
189,78669,Spicewood,Travis County,Rural,West,266812.22,2011,8834,9.8,87.8,1.6,0.0,0.5,0.2,99.9,0.219227
190,78669,Spicewood,Travis County,Rural,West,268658.85,2012,8737,9.4,88.2,1.3,0.0,0.8,0.3,100.0,0.212998
191,78669,Spicewood,Travis County,Rural,West,270226.47,2013,8418,9.5,87.9,1.8,0.0,0.5,0.4,100.1,0.217969
192,78669,Spicewood,Travis County,Rural,West,272494.44,2014,8909,6.8,89.6,2.5,0.0,0.4,0.7,100.0,0.19187
193,78669,Spicewood,Travis County,Rural,West,275372.81,2015,9303,7.6,89.5,1.1,0.0,1.2,0.6,100.0,0.19289800000000001
194,78669,Spicewood,Travis County,Rural,West,278972.08,2016,10734,9.1,87.6,1.0,0.0,1.5,0.7,99.9,0.223969
195,78669,Spicewood,Travis County,Rural,West,283144.44,2017,11375,8.2,87.0,1.0,0.0,3.0,0.8,100.0,0.235312
196,78676,Wimberley,Hays County,Rural,South,178679.44,2011,11750,4.9,91.3,1.7,0.6,0.4,1.1,100.0,0.16356800000000002
197,78676,Wimberley,Hays County,Rural,South,179889.58,2012,12177,7.2,89.4,0.8,0.8,0.3,1.6,100.1,0.195187
198,78676,Wimberley,Hays County,Rural,South,181376.96,2013,12453,7.2,88.5,1.2,0.6,0.7,1.8,100.0,0.211038
199,78676,Wimberley,Hays County,Rural,South,183010.19,2014,12215,7.5,88.4,1.2,0.3,0.9,1.8,100.1,0.21236100000000002
200,78676,Wimberley,Hays County,Rural,South,185710.09,2015,12413,8.4,87.0,1.1,0.6,0.8,2.2,100.1,0.235339
201,78676,Wimberley,Hays County,Rural,South,189608.33,2016,13202,9.2,87.1,0.4,0.4,1.0,1.9,100.0,0.232402
202,78676,Wimberley,Hays County,Rural,South,194996.43,2017,13231,8.6,89.1,0.2,0.2,0.8,0.9,99.8,0.19857
203,78681,Round Rock,Williamson County,Suburban,North,194997.22,2011,51409,19.4,65.7,4.2,0.9,7.0,2.9,100.1,0.523129
204,78681,Round Rock,Williamson County,Suburban,North,195497.4,2012,53229,18.8,66.2,4.2,0.7,7.4,2.7,100.0,0.5183939999999999
205,78681,Round Rock,Williamson County,Suburban,North,196628.92,2013,54141,19.2,64.8,4.6,0.6,7.6,3.1,99.9,0.534343
206,78681,Round Rock,Williamson County,Suburban,North,199030.56,2014,54517,20.0,64.9,4.4,0.5,7.3,2.9,100.0,0.530668
207,78681,Round Rock,Williamson County,Suburban,North,201955.7,2015,54923,20.8,63.6,4.7,0.5,7.4,3.0,100.0,0.5436300000000001
208,78681,Round Rock,Williamson County,Suburban,North,205481.25,2016,56086,20.9,62.7,5.3,0.1,8.0,2.9,99.9,0.553139
209,78681,Round Rock,Williamson County,Suburban,North,209401.19,2017,57234,22.7,60.1,4.8,0.2,9.0,3.3,100.1,0.575773
210,78701,Austin,Travis County,Urban,Central,247179.44,2011,5084,12.0,73.1,7.6,0.0,6.6,0.7,100.0,0.441058
211,78701,Austin,Travis County,Urban,Central,248615.1,2012,5642,14.1,70.3,5.7,0.0,8.0,1.9,100.0,0.4759
212,78701,Austin,Travis County,Urban,Central,250772.55,2013,5915,13.8,70.7,5.2,0.0,7.7,2.6,100.0,0.47179799999999994
213,78701,Austin,Travis County,Urban,Central,254295.37,2014,6188,14.5,68.4,4.9,0.0,9.5,2.6,99.9,0.499017
214,78701,Austin,Travis County,Urban,Central,259944.74,2015,7051,14.1,69.3,3.8,0.2,9.4,3.2,100.0,0.488562
215,78701,Austin,Travis County,Urban,Central,265472.5,2016,7401,13.4,72.1,3.1,0.2,8.4,2.8,100.0,0.45339799999999997
216,78701,Austin,Travis County,Urban,Central,271194.05,2017,7875,15.8,71.8,4.2,0.3,6.6,1.2,99.9,0.45323900000000006
217,78702,Austin,Travis County,Urban,Central,193546.11,2011,20643,56.0,25.4,15.6,0.0,1.8,1.2,100.0,0.59708
218,78702,Austin,Travis County,Urban,Central,195803.12,2012,21032,56.3,25.7,15.2,0.0,1.6,1.2,100.0,0.593478
219,78702,Austin,Travis County,Urban,Central,198797.55,2013,21655,55.6,27.2,14.1,0.1,1.1,1.8,99.9,0.596553
220,78702,Austin,Travis County,Urban,Central,203351.39,2014,21855,53.4,29.9,13.5,0.1,1.2,1.9,100.0,0.606712
221,78702,Austin,Travis County,Urban,Central,209385.96,2015,21477,50.7,32.2,12.9,0.1,2.1,1.9,99.9,0.6218229999999999
222,78702,Austin,Travis County,Urban,Central,216793.33,2016,22617,50.6,33.0,12.7,0.0,1.8,1.9,100.0,0.61825
223,78702,Austin,Travis County,Urban,Central,224923.81,2017,22876,47.0,36.4,12.5,0.0,1.9,2.2,100.0,0.630134
224,78703,Austin,Travis County,Urban,Central,449850.0,2011,19579,9.4,81.4,1.2,1.1,4.8,2.0,99.9,0.32559899999999997
225,78703,Austin,Travis County,Urban,Central,451182.81,2012,19873,9.1,81.7,1.8,0.9,4.7,1.9,100.1,0.321255
226,78703,Austin,Travis County,Urban,Central,454168.63,2013,19860,8.2,83.1,1.6,0.7,4.4,2.1,100.1,0.300033
227,78703,Austin,Travis County,Urban,Central,460047.69,2014,20061,8.4,81.2,1.5,0.7,6.1,2.1,100.0,0.329164
228,78703,Austin,Travis County,Urban,Central,469581.14,2015,20530,9.1,80.2,1.4,0.5,6.5,2.3,100.0,0.34354
229,78703,Austin,Travis County,Urban,Central,482262.5,2016,20815,8.6,81.5,1.2,0.1,7.1,1.5,100.0,0.322968
230,78703,Austin,Travis County,Urban,Central,495871.03,2017,20788,6.7,83.7,0.6,0.1,8.0,1.1,100.2,0.28838400000000003
231,78704,Austin,Travis County,Urban,Central,294645.56,2011,41616,31.0,61.4,3.9,0.4,1.3,1.9,99.9,0.524837
232,78704,Austin,Travis County,Urban,Central,296928.65,2012,41709,29.6,63.3,3.3,0.3,1.7,1.8,100.0,0.509984
233,78704,Austin,Travis County,Urban,Central,301327.45,2013,41999,26.6,66.1,3.2,0.2,1.6,2.2,99.9,0.490555
234,78704,Austin,Travis County,Urban,Central,307261.11,2014,42770,26.5,66.9,2.6,0.2,1.8,1.9,99.9,0.48084899999999997
235,78704,Austin,Travis County,Urban,Central,314887.72,2015,44668,26.7,65.8,2.8,0.1,2.6,1.9,99.9,0.493925
236,78704,Austin,Travis County,Urban,Central,322679.17,2016,46474,26.8,65.8,2.6,0.1,2.7,2.1,100.1,0.49336499999999994
237,78704,Austin,Travis County,Urban,Central,330286.9,2017,47158,26.1,65.5,3.0,0.3,3.0,2.1,100.0,0.500604
238,78705,Austin,Travis County,Urban,Central,154054.44,2011,29247,14.8,64.1,3.2,0.1,15.9,1.9,100.0,0.5405479999999999
239,78705,Austin,Travis County,Urban,Central,155073.96,2012,30532,17.1,62.3,2.9,0.1,15.3,2.3,100.0,0.55785
240,78705,Austin,Travis County,Urban,Central,156463.24,2013,31282,17.3,61.5,4.0,0.1,14.5,2.7,100.1,0.568491
241,78705,Austin,Travis County,Urban,Central,158548.61,2014,31735,18.6,59.9,4.4,0.1,14.4,2.6,100.0,0.583254
242,78705,Austin,Travis County,Urban,Central,161294.74,2015,32346,17.7,60.3,5.0,0.3,13.9,2.8,100.0,0.582448
243,78705,Austin,Travis County,Urban,Central,165332.5,2016,32414,17.8,58.9,6.1,0.2,13.8,3.1,99.9,0.597665
244,78705,Austin,Travis County,Urban,Central,169250.79,2017,33075,17.1,57.8,6.8,0.3,14.8,3.2,100.0,0.609114
245,78717,Austin,Travis County,Suburban,North,232370.0,2011,22278,12.5,62.5,5.0,0.0,17.1,2.7,99.8,0.56128
246,78717,Austin,Travis County,Suburban,North,233046.35,2012,23514,13.9,60.9,4.3,0.0,18.0,3.0,100.1,0.574649
247,78717,Austin,Travis County,Suburban,North,234789.22,2013,24099,13.2,63.3,4.0,0.0,16.5,3.0,100.0,0.552162
248,78717,Austin,Travis County,Suburban,North,237697.22,2014,25427,13.0,61.8,3.0,0.0,19.1,3.1,100.0,0.5628340000000001
249,78717,Austin,Travis County,Suburban,North,241010.09,2015,26072,13.5,59.2,3.3,0.0,20.4,3.6,100.0,0.58731
250,78717,Austin,Travis County,Suburban,North,245119.17,2016,27101,13.9,59.0,2.7,0.5,21.4,2.5,100.0,0.585404
251,78717,Austin,Travis County,Suburban,North,249601.59,2017,27764,13.8,54.6,3.7,0.4,24.6,2.9,100.0,0.6200979999999999
252,78721,Austin,Travis County,Urban,Central,121617.78,2011,11100,56.1,10.7,31.4,0.2,0.8,0.7,99.9,0.575117
253,78721,Austin,Travis County,Urban,Central,123029.69,2012,11178,52.5,11.1,33.6,0.3,0.7,1.8,100.0,0.598776
254,78721,Austin,Travis County,Urban,Central,124741.18,2013,11482,53.0,13.2,31.5,0.4,0.3,1.8,100.2,0.602102
255,78721,Austin,Travis County,Urban,Central,127717.13,2014,12087,52.0,15.0,30.1,0.6,0.7,1.7,100.1,0.616125
256,78721,Austin,Travis County,Urban,Central,131698.25,2015,12508,52.7,15.1,28.8,0.5,1.3,1.6,100.0,0.6160760000000001
257,78721,Austin,Travis County,Urban,Central,137316.25,2016,12153,47.7,19.6,29.1,0.2,1.4,2.1,100.1,0.648733
258,78721,Austin,Travis County,Urban,Central,144005.16,2017,12447,47.6,20.6,29.2,0.1,1.5,1.1,100.1,0.6453770000000001
259,78722,Austin,Travis County,Urban,Central,217041.11,2011,5733,21.3,60.5,13.0,0.6,2.4,2.2,100.0,0.5706100000000001
260,78722,Austin,Travis County,Urban,Central,220266.67,2012,5973,19.1,62.5,13.5,0.9,2.7,1.4,100.1,0.553663
261,78722,Austin,Travis County,Urban,Central,224072.06,2013,6355,20.1,63.7,10.1,0.6,4.3,1.1,99.9,0.541623
262,78722,Austin,Travis County,Urban,Central,229009.72,2014,6514,20.1,62.2,11.0,0.7,3.9,2.0,99.9,0.558645
263,78722,Austin,Travis County,Urban,Central,235786.4,2015,7006,16.5,62.9,12.1,0.0,5.0,3.5,100.0,0.558768
264,78722,Austin,Travis County,Urban,Central,242723.33,2016,7292,14.3,64.8,13.2,0.0,3.1,4.5,99.9,0.539237
265,78722,Austin,Travis County,Urban,Central,249907.54,2017,7254,13.4,67.6,11.6,0.0,3.0,4.4,100.0,0.508776
266,78723,Austin,Travis County,Urban,Central,171061.67,2011,29869,43.8,26.3,26.7,0.1,1.9,1.3,100.1,0.667167
267,78723,Austin,Travis County,Urban,Central,172898.96,2012,30999,45.5,27.8,23.4,0.1,1.8,1.4,100.0,0.6604140000000001
268,78723,Austin,Travis County,Urban,Central,176502.94,2013,31234,43.9,29.2,23.4,0.2,1.9,1.5,100.1,0.666669
269,78723,Austin,Travis County,Urban,Central,180617.59,2014,30955,43.4,30.4,22.3,0.2,1.8,1.8,99.9,0.6688470000000001
270,78723,Austin,Travis County,Urban,Central,185614.04,2015,32155,43.3,32.6,20.2,0.2,1.9,1.8,100.0,0.664742
271,78723,Austin,Travis County,Urban,Central,191850.83,2016,32496,42.4,35.6,18.7,0.2,1.7,1.4,100.0,0.65803
272,78723,Austin,Travis County,Urban,Central,198624.6,2017,33170,41.3,36.3,18.3,0.1,2.1,1.9,100.0,0.66337
273,78724,Austin,Travis County,Suburban,East,112418.33,2011,20447,60.0,9.0,30.2,0.3,0.0,0.6,100.1,0.540651
274,78724,Austin,Travis County,Suburban,East,112390.62,2012,21677,62.9,7.7,28.8,0.1,0.0,0.5,100.0,0.51546
275,78724,Austin,Travis County,Suburban,East,112513.73,2013,21454,63.3,8.3,26.7,0.1,0.5,1.1,100.0,0.520986
276,78724,Austin,Travis County,Suburban,East,113011.57,2014,23313,65.8,7.9,24.5,0.1,0.3,1.3,99.9,0.500591
277,78724,Austin,Travis County,Suburban,East,114273.25,2015,23612,67.3,8.0,22.7,0.0,0.3,1.7,100.0,0.48884399999999995
278,78724,Austin,Travis County,Suburban,East,116680.42,2016,24558,65.9,10.2,21.5,0.0,0.2,2.1,99.9,0.508645
279,78724,Austin,Travis County,Suburban,East,119683.73,2017,24833,66.1,10.5,20.7,0.1,0.3,2.4,100.1,0.5086189999999999
280,78725,Austin,Travis County,Suburban,East,118989.44,2011,6021,49.7,14.9,30.8,0.0,3.0,1.5,99.9,0.6348010000000001
281,78725,Austin,Travis County,Suburban,East,118809.38,2012,6477,46.0,16.6,34.7,0.0,0.0,2.7,100.0,0.639706
282,78725,Austin,Travis County,Suburban,East,118864.71,2013,8169,56.8,14.8,26.9,0.0,0.4,1.2,100.1,0.582951
283,78725,Austin,Travis County,Suburban,East,119367.59,2014,7612,38.3,19.1,40.0,0.0,0.5,2.0,99.9,0.656405
284,78725,Austin,Travis County,Suburban,East,120669.74,2015,7343,45.7,18.8,33.2,0.0,0.5,1.8,100.0,0.645234
285,78725,Austin,Travis County,Suburban,East,122887.5,2016,7931,51.4,21.0,24.9,0.0,0.8,1.9,100.0,0.629278
286,78725,Austin,Travis County,Suburban,East,125496.43,2017,7517,50.0,21.7,24.4,0.0,1.2,2.9,100.2,0.64239
287,78726,Austin,Travis County,Suburban,West,307951.67,2011,13198,16.6,66.0,3.3,0.6,11.8,1.6,99.9,0.5215390000000001
288,78726,Austin,Travis County,Suburban,West,308645.31,2012,12482,19.6,64.1,2.9,0.6,11.8,1.1,100.1,0.5357810000000001
289,78726,Austin,Travis County,Suburban,West,310099.02,2013,13181,17.9,64.6,3.7,0.4,12.5,0.8,99.9,0.533569
290,78726,Austin,Travis County,Suburban,West,313519.44,2014,12786,16.2,63.9,3.6,0.0,14.7,1.7,100.1,0.542241
291,78726,Austin,Travis County,Suburban,West,318168.42,2015,13027,19.2,55.8,4.9,0.0,17.9,2.1,99.9,0.616889
292,78726,Austin,Travis County,Suburban,West,323241.25,2016,13925,14.4,60.8,6.2,0.0,16.6,2.1,100.1,0.577759
293,78726,Austin,Travis County,Suburban,West,328536.9,2017,14610,14.1,58.7,6.4,0.0,17.9,3.0,100.1,0.598513
294,78727,Austin,Travis County,Suburban,North,174968.33,2011,28075,19.8,56.4,7.8,0.0,14.0,2.0,100.0,0.6166159999999999
295,78727,Austin,Travis County,Suburban,North,176027.08,2012,28461,20.0,55.5,8.0,0.0,14.3,2.2,100.0,0.624642
296,78727,Austin,Travis County,Suburban,North,177471.08,2013,28563,17.7,57.2,6.9,0.0,15.5,2.8,100.1,0.611917
297,78727,Austin,Travis County,Suburban,North,179881.02,2014,29506,17.8,54.3,6.5,0.5,17.4,3.6,100.1,0.637645
298,78727,Austin,Travis County,Suburban,North,183175.44,2015,29354,17.6,54.5,5.8,0.5,17.5,4.1,100.0,0.636304
299,78727,Austin,Travis County,Suburban,North,187452.5,2016,29085,17.8,54.0,6.5,0.5,17.6,3.7,100.1,0.640121
300,78727,Austin,Travis County,Suburban,North,192948.02,2017,28999,18.2,54.0,6.3,0.5,17.3,3.7,100.0,0.639984
301,78728,Austin,Travis County,Suburban,North,158528.89,2011,20232,27.5,43.6,14.4,0.6,10.8,3.0,99.9,0.700943
302,78728,Austin,Travis County,Suburban,North,159298.44,2012,20939,27.9,46.3,13.2,0.6,9.1,3.0,100.1,0.681149
303,78728,Austin,Travis County,Suburban,North,160558.82,2013,20817,25.9,44.6,16.3,0.7,8.9,3.6,100.0,0.698168
304,78728,Austin,Travis County,Suburban,North,162444.44,2014,20794,27.2,45.3,14.0,0.2,9.3,3.9,99.9,0.691033
305,78728,Austin,Travis County,Suburban,North,165320.61,2015,21081,23.6,46.4,17.5,0.3,8.6,3.5,99.9,0.689753
306,78728,Austin,Travis County,Suburban,North,168873.75,2016,21858,24.2,46.9,18.2,0.2,6.8,3.8,100.1,0.682279
307,78728,Austin,Travis County,Suburban,North,173048.02,2017,21245,28.8,41.2,17.9,0.3,8.3,3.5,100.0,0.707148
308,78729,Austin,Travis County,Suburban,North,177843.89,2011,27024,18.4,61.5,8.5,0.0,9.3,2.3,100.0,0.571516
309,78729,Austin,Travis County,Suburban,North,178451.56,2012,28228,16.8,61.4,9.8,0.0,9.6,2.4,100.0,0.575384
310,78729,Austin,Travis County,Suburban,North,179533.33,2013,26906,19.0,59.2,9.1,0.2,9.5,3.1,100.1,0.5951649999999999
311,78729,Austin,Travis County,Suburban,North,181362.04,2014,28786,19.7,58.2,10.3,0.1,8.1,3.5,99.9,0.604071
312,78729,Austin,Travis County,Suburban,North,184391.23,2015,29386,21.1,58.4,7.8,0.2,8.5,3.9,99.9,0.599589
313,78729,Austin,Travis County,Suburban,North,188136.25,2016,30151,23.3,58.2,6.2,0.2,8.0,4.0,99.9,0.5951390000000001
314,78729,Austin,Travis County,Suburban,North,192475.4,2017,29434,22.6,59.1,5.2,0.3,9.1,3.6,99.9,0.587353
315,78730,Austin,Travis County,Suburban,West,460247.78,2011,8242,5.0,78.3,2.6,0.0,11.6,2.5,100.0,0.369654
316,78730,Austin,Travis County,Suburban,West,460084.9,2012,8312,5.4,81.8,0.2,0.0,10.0,2.6,100.0,0.31728
317,78730,Austin,Travis County,Suburban,West,460748.04,2013,8916,7.1,84.2,0.3,0.0,6.4,1.9,99.9,0.281529
318,78730,Austin,Travis County,Suburban,West,462309.72,2014,8591,9.3,83.5,0.3,0.0,5.5,1.3,99.9,0.290923
319,78730,Austin,Travis County,Suburban,West,465688.6,2015,8871,8.2,83.5,0.0,0.0,5.3,3.1,100.1,0.292281
320,78730,Austin,Travis County,Suburban,West,471869.17,2016,9038,11.4,80.9,0.2,0.0,5.3,2.2,100.0,0.329226
321,78730,Austin,Travis County,Suburban,West,478117.46,2017,8933,12.6,77.4,0.9,0.0,4.6,4.5,100.0,0.380826
322,78731,Austin,Travis County,Suburban,West,390475.0,2011,24898,8.1,80.6,1.3,0.1,8.7,1.2,100.0,0.33592
323,78731,Austin,Travis County,Suburban,West,393008.33,2012,24716,8.9,78.8,1.9,0.0,8.9,1.4,99.9,0.362657
324,78731,Austin,Travis County,Suburban,West,396825.49,2013,25575,8.9,78.7,2.5,0.0,7.8,2.0,99.9,0.365601
325,78731,Austin,Travis County,Suburban,West,401113.43,2014,26412,10.3,76.7,2.8,0.0,7.8,2.4,100.0,0.393658
326,78731,Austin,Travis County,Suburban,West,405681.58,2015,26595,8.6,78.7,2.4,0.1,7.8,2.5,100.1,0.36594899999999997
327,78731,Austin,Travis County,Suburban,West,412121.67,2016,27401,9.9,77.6,2.9,0.1,7.0,2.5,100.0,0.381656
328,78731,Austin,Travis County,Suburban,West,418974.21,2017,27447,10.1,76.0,2.6,0.3,8.1,3.0,100.1,0.404053
329,78732,Austin,Travis County,Suburban,West,335676.11,2011,13389,9.0,77.2,1.5,0.3,9.8,2.2,100.0,0.385594
330,78732,Austin,Travis County,Suburban,West,338082.81,2012,14307,9.2,77.3,1.3,0.4,9.4,2.4,100.0,0.38441
331,78732,Austin,Travis County,Suburban,West,341041.18,2013,15097,8.2,79.2,1.0,0.6,8.7,2.2,99.9,0.357823
332,78732,Austin,Travis County,Suburban,West,345404.17,2014,15312,7.4,77.4,2.2,0.5,10.0,2.5,100.0,0.384314
333,78732,Austin,Travis County,Suburban,West,350473.25,2015,16269,9.1,77.0,1.0,0.1,10.0,2.8,100.0,0.387934
334,78732,Austin,Travis County,Suburban,West,355591.67,2016,16851,13.2,73.7,0.9,0.1,9.3,2.7,99.9,0.429947
335,78732,Austin,Travis County,Suburban,West,360558.33,2017,17762,11.0,75.4,0.7,0.0,11.6,1.4,100.1,0.405683
336,78733,Austin,Travis County,Suburban,West,418792.78,2011,9219,11.3,79.0,0.1,0.0,8.0,1.6,100.0,0.35647399999999996
337,78733,Austin,Travis County,Suburban,West,420215.62,2012,9486,7.7,80.3,0.0,0.0,9.9,2.2,100.1,0.338977
338,78733,Austin,Travis County,Suburban,West,422336.76,2013,9475,9.2,78.3,0.0,0.1,9.9,2.4,99.9,0.368069
339,78733,Austin,Travis County,Suburban,West,425406.94,2014,9404,9.1,75.8,0.0,0.1,11.9,3.1,100.0,0.402032
340,78733,Austin,Travis County,Suburban,West,429208.33,2015,8930,9.5,73.9,0.2,0.1,13.5,2.8,100.0,0.42583999999999994
341,78733,Austin,Travis County,Suburban,West,433884.17,2016,8886,8.5,74.4,0.2,0.1,14.3,2.5,100.0,0.41816000000000003
342,78733,Austin,Travis County,Suburban,West,439850.79,2017,8754,8.5,75.7,0.2,0.1,12.3,3.2,100.0,0.403568
343,78734,Lakeway,Travis County,Suburban,West,266543.33,2011,16729,15.8,80.7,0.2,0.6,2.4,0.4,100.1,0.323155
344,78734,Lakeway,Travis County,Suburban,West,267889.06,2012,17824,19.7,76.5,0.2,0.2,2.9,0.5,100.0,0.375092
345,78734,Lakeway,Travis County,Suburban,West,269976.47,2013,18290,20.3,75.3,0.4,0.2,3.3,0.6,100.1,0.390637
346,78734,Lakeway,Travis County,Suburban,West,272285.65,2014,18498,19.7,75.2,0.6,0.3,3.5,0.7,100.0,0.394368
347,78734,Lakeway,Travis County,Suburban,West,276287.72,2015,18948,18.5,75.2,0.8,0.3,3.7,1.5,100.0,0.398604
348,78734,Lakeway,Travis County,Suburban,West,280723.75,2016,18997,19.5,74.6,0.9,0.3,2.9,1.8,100.0,0.404204
349,78734,Lakeway,Travis County,Suburban,West,285479.76,2017,18722,15.7,77.9,1.3,0.2,2.5,2.4,100.0,0.367136
350,78735,Austin,Travis County,Suburban,West,364634.44,2011,16024,18.2,72.8,0.7,0.0,6.6,1.6,99.9,0.43223100000000003
351,78735,Austin,Travis County,Suburban,West,362669.79,2012,16882,19.7,71.2,1.0,0.0,5.8,2.1,99.8,0.450342
352,78735,Austin,Travis County,Suburban,West,363291.67,2013,17118,15.7,73.9,1.1,0.0,7.6,1.6,99.9,0.42307700000000004
353,78735,Austin,Travis County,Suburban,West,365702.31,2014,17548,17.6,73.7,0.8,0.1,6.5,1.3,100.0,0.421396
354,78735,Austin,Travis County,Suburban,West,369179.39,2015,17438,16.2,74.8,1.3,0.1,6.2,1.5,100.1,0.410013
355,78735,Austin,Travis County,Suburban,West,373470.42,2016,16948,17.4,71.5,2.3,0.1,7.2,1.5,100.0,0.45256
356,78735,Austin,Travis County,Suburban,West,377623.41,2017,17919,18.8,69.8,2.1,0.1,7.8,1.5,100.1,0.47070100000000004
357,78736,Austin,Travis County,Suburban,West,197620.56,2011,6599,17.8,75.1,0.2,0.0,5.3,1.7,100.1,0.401213
358,78736,Austin,Travis County,Suburban,West,198730.21,2012,6841,17.1,74.5,0.2,0.0,6.1,2.1,100.0,0.41156800000000004
359,78736,Austin,Travis County,Suburban,West,200600.49,2013,6599,15.9,75.7,0.5,0.0,6.5,1.5,100.1,0.39719499999999996
360,78736,Austin,Travis County,Suburban,West,203357.41,2014,7030,18.6,74.1,0.5,0.0,5.2,1.5,99.9,0.413369
361,78736,Austin,Travis County,Suburban,West,207178.95,2015,7621,18.5,75.1,0.5,0.0,3.1,2.7,99.9,0.400059
362,78736,Austin,Travis County,Suburban,West,212116.25,2016,7951,15.2,75.6,0.6,0.2,5.8,2.6,100.0,0.40128
363,78736,Austin,Travis County,Suburban,West,217866.67,2017,8199,15.0,77.6,0.5,0.2,4.2,2.7,100.2,0.372802
364,78737,Austin,Travis County,Suburban,South,287588.33,2011,12458,10.1,84.1,1.2,0.8,3.1,0.7,100.0,0.2813
365,78737,Austin,Travis County,Suburban,South,288884.38,2012,12882,12.7,81.4,1.2,0.8,3.1,0.8,100.0,0.320042
366,78737,Austin,Travis County,Suburban,South,290747.06,2013,13539,15.5,79.4,1.3,0.0,2.9,0.9,100.0,0.344448
367,78737,Austin,Travis County,Suburban,South,294056.02,2014,14167,14.8,79.0,1.1,0.0,3.4,1.6,99.9,0.352463
368,78737,Austin,Travis County,Suburban,South,298221.49,2015,14544,17.6,76.5,0.9,0.0,3.6,1.4,100.0,0.382226
369,78737,Austin,Travis County,Suburban,South,303225.0,2016,14731,13.6,80.7,1.4,0.0,2.9,1.5,100.1,0.328993
370,78737,Austin,Travis County,Suburban,South,308924.6,2017,15879,14.2,78.1,1.5,0.0,3.0,3.1,99.9,0.367789
371,78738,Bee Cave,Travis County,Suburban,West,393006.67,2011,11504,8.1,84.3,0.3,0.3,5.2,1.7,99.9,0.279779
372,78738,Bee Cave,Travis County,Suburban,West,394086.46,2012,12457,9.2,81.1,0.3,0.1,7.7,1.6,100.0,0.32761999999999997
373,78738,Bee Cave,Travis County,Suburban,West,396531.37,2013,13141,10.0,79.4,1.2,0.1,7.2,2.0,99.9,0.353835
374,78738,Bee Cave,Travis County,Suburban,West,399975.93,2014,13794,12.0,77.2,1.4,0.1,7.5,1.9,100.1,0.38343299999999997
375,78738,Bee Cave,Travis County,Suburban,West,403696.49,2015,14795,12.2,76.8,0.9,0.1,7.4,2.6,100.0,0.389058
376,78738,Bee Cave,Travis County,Suburban,West,407326.25,2016,14970,10.1,77.8,1.4,0.0,8.6,2.1,100.0,0.37648200000000004
377,78738,Bee Cave,Travis County,Suburban,West,410821.43,2017,15746,9.9,77.7,1.3,0.0,9.1,1.9,99.9,0.377659
378,78739,Austin,Travis County,Suburban,South,315453.33,2011,15957,16.3,71.2,1.7,0.3,6.8,3.7,100.0,0.460196
379,78739,Austin,Travis County,Suburban,South,315638.02,2012,16911,15.0,71.4,1.1,0.6,7.1,4.9,100.1,0.46010500000000004
380,78739,Austin,Travis County,Suburban,South,317660.29,2013,17198,15.8,70.3,0.8,0.6,6.6,5.9,100.0,0.47289
381,78739,Austin,Travis County,Suburban,South,321309.72,2014,18068,15.7,69.8,0.6,0.6,8.4,4.8,99.9,0.47871499999999995
382,78739,Austin,Travis County,Suburban,South,325612.72,2015,18442,16.2,69.1,1.0,0.6,8.6,4.5,100.0,0.48671800000000004
383,78739,Austin,Travis County,Suburban,South,330684.17,2016,19564,14.0,71.8,1.7,0.3,9.5,2.7,100.0,0.45482399999999995
384,78739,Austin,Travis County,Suburban,South,335957.94,2017,20191,14.5,70.9,1.9,0.0,9.9,2.8,100.0,0.465348
385,78741,Austin,Travis County,Urban,Central,117724.44,2011,46959,64.7,19.9,9.5,0.0,4.3,1.6,100.0,0.53066
386,78741,Austin,Travis County,Urban,Central,118576.56,2012,48246,61.9,22.0,9.2,0.0,4.8,2.0,99.9,0.557271
387,78741,Austin,Travis County,Urban,Central,119557.35,2013,48654,62.8,21.4,9.7,0.0,3.8,2.3,100.0,0.548438
388,78741,Austin,Travis County,Urban,Central,120854.63,2014,51274,60.8,23.8,9.1,0.0,3.7,2.6,100.0,0.563366
389,78741,Austin,Travis County,Urban,Central,122928.07,2015,51770,58.3,25.1,10.5,0.0,3.6,2.5,100.0,0.584164
390,78741,Austin,Travis County,Urban,Central,126678.75,2016,51981,55.8,27.0,10.0,0.1,4.7,2.5,100.1,0.602901
391,78741,Austin,Travis County,Urban,Central,130867.86,2017,52307,54.5,27.1,11.3,0.1,4.4,2.7,100.1,0.614099
392,78744,Austin,Travis County,Suburban,South,102343.33,2011,41593,76.3,14.6,7.8,0.0,0.5,0.7,99.9,0.390357
393,78744,Austin,Travis County,Suburban,South,102603.12,2012,43452,76.7,14.4,7.2,0.0,0.4,1.1,99.8,0.385654
394,78744,Austin,Travis County,Suburban,South,103205.88,2013,44375,76.1,14.9,7.3,0.1,0.4,1.2,100.0,0.39318800000000004
395,78744,Austin,Travis County,Suburban,South,104247.69,2014,45830,76.2,15.7,6.7,0.1,0.3,0.9,99.9,0.390127
396,78744,Austin,Travis County,Suburban,South,106060.53,2015,46408,75.9,15.9,6.5,0.1,0.6,1.1,100.1,0.394255
397,78744,Austin,Travis County,Suburban,South,108625.83,2016,47211,75.1,16.0,7.0,0.1,0.6,1.1,99.9,0.405341
398,78744,Austin,Travis County,Suburban,South,111934.52,2017,48432,75.6,15.9,6.6,0.1,0.9,0.9,100.0,0.39866399999999996
399,78745,Austin,Travis County,Suburban,South,152910.56,2011,55010,43.2,50.0,3.3,0.4,1.6,1.5,100.0,0.56179
400,78745,Austin,Travis County,Suburban,South,154148.44,2012,54917,39.9,52.7,3.9,0.4,1.6,1.6,100.1,0.561021
401,78745,Austin,Travis County,Suburban,South,156022.55,2013,57559,40.4,51.5,4.3,0.5,1.4,1.8,99.9,0.5691649999999999
402,78745,Austin,Travis County,Suburban,South,158441.2,2014,58878,39.5,52.1,4.5,0.3,1.6,1.8,99.8,0.56992
403,78745,Austin,Travis County,Suburban,South,161986.84,2015,59758,38.5,51.8,4.9,0.3,2.3,2.3,100.1,0.579983
404,78745,Austin,Travis County,Suburban,South,166688.75,2016,61317,41.0,49.7,4.8,0.2,2.3,1.9,99.9,0.581693
405,78745,Austin,Travis County,Suburban,South,172253.17,2017,62220,40.3,50.4,4.6,0.1,2.6,2.0,100.0,0.580382
406,78746,Austin,Travis County,Suburban,West,554360.56,2011,26677,6.3,85.8,0.7,0.1,5.3,1.7,99.9,0.25671900000000003
407,78746,Austin,Travis County,Suburban,West,556767.19,2012,26939,7.8,82.5,0.6,0.1,7.2,1.9,100.1,0.307709
408,78746,Austin,Travis County,Suburban,West,561798.04,2013,27506,8.5,80.4,0.7,0.1,7.7,2.6,100.0,0.339704
409,78746,Austin,Travis County,Suburban,West,569350.46,2014,27960,10.5,78.3,0.6,0.1,8.2,2.4,100.1,0.36854899999999996
410,78746,Austin,Travis County,Suburban,West,577975.0,2015,27928,10.2,78.0,0.8,0.0,8.5,2.4,99.9,0.37333099999999997
411,78746,Austin,Travis County,Suburban,West,588975.42,2016,27971,11.2,77.7,0.6,0.1,8.0,2.5,100.1,0.376665
412,78746,Austin,Travis County,Suburban,West,601979.76,2017,28268,12.6,76.3,0.7,0.1,8.0,2.5,100.2,0.39488
413,78747,Austin,Travis County,Suburban,South,157347.22,2011,13179,52.9,34.2,6.4,0.4,4.0,2.0,99.9,0.597083
414,78747,Austin,Travis County,Suburban,South,157723.44,2012,14158,53.3,33.4,6.0,0.1,5.2,2.0,100.0,0.59765
415,78747,Austin,Travis County,Suburban,South,158543.14,2013,15919,54.4,30.8,7.6,0.2,4.0,2.9,99.9,0.600979
416,78747,Austin,Travis County,Suburban,South,159973.61,2014,16753,55.1,32.6,6.0,0.2,2.8,3.4,100.1,0.584579
417,78747,Austin,Travis County,Suburban,South,162109.21,2015,18544,60.5,29.7,5.0,0.1,2.1,2.6,100.0,0.542148
418,78747,Austin,Travis County,Suburban,South,164895.83,2016,19876,57.7,29.9,6.4,0.2,2.4,3.4,100.0,0.571838
419,78747,Austin,Travis County,Suburban,South,168269.84,2017,20954,59.6,29.2,5.9,0.2,2.2,3.0,100.1,0.554651
420,78748,Austin,Travis County,Suburban,South,171917.22,2011,37784,36.5,54.0,4.4,0.2,3.1,1.8,100.0,0.57195
421,78748,Austin,Travis County,Suburban,South,172685.94,2012,40290,34.8,54.9,4.8,0.0,3.4,2.1,100.0,0.5735939999999999
422,78748,Austin,Travis County,Suburban,South,173943.14,2013,41710,33.5,57.3,4.1,0.1,3.5,1.5,100.0,0.5563140000000001
423,78748,Austin,Travis County,Suburban,South,176026.85,2014,44907,34.5,54.2,5.0,0.1,4.3,1.9,100.0,0.5825
424,78748,Austin,Travis County,Suburban,South,179066.67,2015,46679,35.0,53.5,4.5,0.1,4.4,2.6,100.1,0.586637
425,78748,Austin,Travis County,Suburban,South,182925.0,2016,47966,34.1,52.9,4.9,0.3,4.8,2.9,99.9,0.5983229999999999
426,78748,Austin,Travis County,Suburban,South,187001.19,2017,49142,35.5,51.3,5.9,0.3,4.6,2.4,100.0,0.6046239999999999
427,78749,Austin,Travis County,Suburban,South,218948.89,2011,33947,19.9,66.3,4.3,0.4,7.3,1.8,100.0,0.513312
428,78749,Austin,Travis County,Suburban,South,219933.33,2012,34391,19.9,67.2,3.8,0.3,7.1,1.8,100.1,0.501997
429,78749,Austin,Travis County,Suburban,South,221881.37,2013,34392,21.6,65.7,3.4,0.5,6.9,2.0,100.1,0.515353
430,78749,Austin,Travis County,Suburban,South,224762.04,2014,35183,20.2,65.6,3.3,0.3,8.1,2.4,99.9,0.520625
431,78749,Austin,Travis County,Suburban,South,228485.96,2015,36210,19.7,66.2,2.7,0.2,8.5,2.6,99.9,0.514313
432,78749,Austin,Travis County,Suburban,South,233100.0,2016,36478,20.7,64.5,3.2,0.2,8.7,2.6,99.9,0.531853
433,78749,Austin,Travis County,Suburban,South,238550.79,2017,37453,19.5,64.6,3.1,0.1,9.5,3.2,100.0,0.533648
434,78750,Austin,Travis County,Suburban,West,263381.11,2011,26734,14.6,68.1,4.8,0.0,10.2,2.3,100.0,0.501686
435,78750,Austin,Travis County,Suburban,West,264496.35,2012,27119,15.8,68.5,3.1,0.0,10.4,2.1,99.9,0.493593
436,78750,Austin,Travis County,Suburban,West,265999.51,2013,27012,14.3,68.5,3.4,0.0,11.6,2.2,100.0,0.49523
437,78750,Austin,Travis County,Suburban,West,268575.46,2014,27912,14.2,69.1,2.8,0.0,11.3,2.7,100.1,0.488073
438,78750,Austin,Travis County,Suburban,West,272515.35,2015,28626,14.7,68.0,2.0,0.0,12.4,2.9,100.0,0.499374
439,78750,Austin,Travis County,Suburban,West,277439.17,2016,29991,13.9,65.3,2.1,0.3,14.7,3.7,100.0,0.530842
440,78750,Austin,Travis County,Suburban,West,282987.3,2017,30758,13.5,61.7,3.8,0.4,16.4,4.3,100.1,0.5708810000000001
441,78751,Austin,Travis County,Urban,Central,243661.67,2011,14526,13.0,74.4,1.7,0.0,7.1,3.9,100.1,0.422713
442,78751,Austin,Travis County,Urban,Central,246007.81,2012,14340,13.7,74.9,1.7,0.0,5.6,4.2,100.1,0.415041
443,78751,Austin,Travis County,Urban,Central,249067.16,2013,14045,13.8,74.3,1.4,0.0,5.7,4.9,100.1,0.42306099999999996
444,78751,Austin,Travis County,Urban,Central,252773.61,2014,13838,18.6,70.8,0.8,0.3,5.6,4.0,100.1,0.45933100000000004
445,78751,Austin,Travis County,Urban,Central,258535.96,2015,14441,18.4,70.3,1.2,0.3,6.0,3.8,100.0,0.466738
446,78751,Austin,Travis County,Urban,Central,265399.58,2016,14648,17.2,70.5,2.3,0.5,6.4,3.3,100.2,0.46765200000000007
447,78751,Austin,Travis County,Urban,Central,272266.67,2017,14949,17.5,70.4,2.3,0.5,6.7,2.5,99.9,0.468091
448,78752,Austin,Travis County,Urban,Central,151844.44,2011,16494,57.9,25.5,13.2,0.0,2.2,1.2,100.0,0.5816819999999999
449,78752,Austin,Travis County,Urban,Central,153619.27,2012,17170,56.6,24.4,15.0,0.1,2.8,1.1,100.0,0.5967020000000001
450,78752,Austin,Travis County,Urban,Central,155852.94,2013,18381,59.0,25.0,12.0,0.1,2.7,1.2,100.0,0.574126
451,78752,Austin,Travis County,Urban,Central,158631.48,2014,19639,59.4,24.3,11.8,0.2,3.1,1.2,100.0,0.573082
452,78752,Austin,Travis County,Urban,Central,162318.42,2015,20153,59.2,25.7,11.2,0.1,2.5,1.3,100.0,0.570148
453,78752,Austin,Travis County,Urban,Central,168063.33,2016,19902,59.0,27.7,10.6,0.2,1.3,1.2,100.0,0.5636180000000001
454,78752,Austin,Travis County,Urban,Central,174839.29,2017,20302,58.8,29.6,8.4,0.2,1.7,1.3,100.0,0.559122
455,78753,Austin,Travis County,Suburban,North,127092.78,2011,51547,58.7,21.6,11.9,0.4,6.3,1.1,100.0,0.590508
456,78753,Austin,Travis County,Suburban,North,127214.06,2012,52384,59.6,20.4,12.2,0.3,6.3,1.3,100.1,0.584137
457,78753,Austin,Travis County,Suburban,North,127938.24,2013,52674,59.1,21.0,12.2,0.2,6.1,1.4,100.0,0.5878140000000001
458,78753,Austin,Travis County,Suburban,North,129220.83,2014,53994,60.2,21.2,11.2,0.1,6.1,1.3,100.1,0.576217
459,78753,Austin,Travis County,Suburban,North,131232.46,2015,55077,61.1,20.1,11.1,0.1,6.0,1.5,99.9,0.570131
460,78753,Austin,Travis County,Suburban,North,134329.58,2016,56131,60.3,20.5,11.2,0.1,6.1,1.7,99.9,0.577811
461,78753,Austin,Travis County,Suburban,North,138384.13,2017,58693,61.3,20.0,11.0,0.3,6.0,1.4,100.0,0.568326
462,78754,Austin,Travis County,Suburban,North,154807.78,2011,13326,31.9,33.2,18.3,0.2,14.2,2.3,100.1,0.733829
463,78754,Austin,Travis County,Suburban,North,154947.92,2012,13570,32.3,32.0,18.1,0.1,15.1,2.4,100.0,0.737132
464,78754,Austin,Travis County,Suburban,North,155718.14,2013,15109,31.8,29.7,18.4,0.1,16.9,3.1,100.0,0.7472880000000001
465,78754,Austin,Travis County,Suburban,North,157104.63,2014,16494,31.2,29.2,21.6,0.1,14.6,3.3,100.0,0.74833
466,78754,Austin,Travis County,Suburban,North,158971.05,2015,19020,36.9,24.2,20.7,0.1,14.7,3.4,100.0,0.73966
467,78754,Austin,Travis County,Suburban,North,161655.83,2016,21764,39.2,25.5,17.4,0.0,14.2,3.7,100.0,0.7295020000000001
468,78754,Austin,Travis County,Suburban,North,165078.57,2017,23858,40.9,26.4,17.3,0.0,12.0,3.3,99.9,0.717605
469,78756,Austin,Travis County,Urban,Central,285680.0,2011,7682,10.3,82.7,2.8,0.0,3.4,0.8,100.0,0.303458
470,78756,Austin,Travis County,Urban,Central,288033.85,2012,8060,9.3,82.3,2.6,0.0,5.0,0.8,100.0,0.310782
471,78756,Austin,Travis County,Urban,Central,291324.51,2013,8125,9.1,80.2,4.3,0.0,4.5,1.8,99.9,0.344317
472,78756,Austin,Travis County,Urban,Central,296690.28,2014,8685,11.4,76.3,4.0,0.0,6.7,1.6,100.0,0.39849
473,78756,Austin,Travis County,Urban,Central,303532.46,2015,8908,11.6,75.9,3.0,0.0,7.0,2.5,100.0,0.404038
474,78756,Austin,Travis County,Urban,Central,310506.67,2016,8798,13.3,74.5,3.5,0.0,5.7,3.0,100.0,0.421912
475,78756,Austin,Travis County,Urban,Central,317701.19,2017,8377,12.6,74.9,3.9,0.0,5.1,3.5,100.0,0.41777600000000004
476,78757,Austin,Travis County,Urban,Central,226716.11,2011,22542,23.7,70.4,1.7,0.2,3.0,1.0,100.0,0.44692200000000004
477,78757,Austin,Travis County,Urban,Central,229214.06,2012,22718,24.5,70.4,1.5,0.2,2.5,0.8,99.9,0.443441
478,78757,Austin,Travis County,Urban,Central,232507.35,2013,22655,22.2,71.9,2.1,0.2,2.4,1.1,99.9,0.432613
479,78757,Austin,Travis County,Urban,Central,237074.54,2014,23442,22.6,71.2,2.0,0.2,2.7,1.3,100.0,0.44067799999999996
480,78757,Austin,Travis County,Urban,Central,242887.28,2015,23118,21.6,72.0,1.6,0.1,3.1,1.6,100.0,0.43346999999999997
481,78757,Austin,Travis County,Urban,Central,249822.08,2016,23611,20.6,72.5,1.6,0.0,3.6,1.8,100.1,0.43006300000000003
482,78757,Austin,Travis County,Urban,Central,257233.33,2017,24059,22.5,70.5,1.3,0.0,3.2,2.5,100.0,0.450532
483,78758,Austin,Travis County,Suburban,North,132487.78,2011,43577,45.8,32.2,12.3,0.3,7.1,2.4,100.1,0.665797
484,78758,Austin,Travis County,Suburban,North,132670.83,2012,45105,46.3,32.1,13.2,0.3,6.1,2.1,100.1,0.660995
485,78758,Austin,Travis County,Suburban,North,133483.33,2013,45623,48.4,31.9,10.6,0.2,7.2,1.7,100.0,0.64727
486,78758,Austin,Travis County,Suburban,North,135059.26,2014,45134,49.0,31.5,9.9,0.2,7.5,2.0,100.1,0.644845
487,78758,Austin,Travis County,Suburban,North,137432.46,2015,46972,48.5,33.7,9.3,0.2,6.2,2.1,100.0,0.6382680000000001
488,78758,Austin,Travis County,Suburban,North,141390.83,2016,46506,47.9,35.1,8.5,0.2,5.9,2.3,99.9,0.636119
489,78758,Austin,Travis County,Suburban,North,146266.67,2017,46618,46.6,37.2,7.7,0.2,6.0,2.4,100.1,0.634351
490,78759,Austin,Travis County,Suburban,North,262702.78,2011,40602,11.8,71.2,3.1,0.1,11.5,2.3,100.0,0.464416
491,78759,Austin,Travis County,Suburban,North,264272.4,2012,39850,11.3,70.5,3.5,0.1,12.4,2.2,100.0,0.47312
492,78759,Austin,Travis County,Suburban,North,266435.29,2013,39895,11.8,70.9,2.7,0.1,11.5,3.0,100.0,0.46853999999999996
493,78759,Austin,Travis County,Suburban,North,270142.59,2014,40067,12.8,69.8,3.0,0.1,11.1,3.2,100.0,0.482166
494,78759,Austin,Travis County,Suburban,North,275469.3,2015,40629,12.3,69.4,3.8,0.1,11.1,3.4,100.1,0.488313
495,78759,Austin,Travis County,Suburban,North,281798.33,2016,41415,12.8,69.4,3.6,0.1,11.3,2.8,100.0,0.48713
496,78759,Austin,Travis County,Suburban,North,288340.08,2017,41847,13.6,69.0,3.6,0.1,10.7,3.2,100.2,0.491634
497,78957,Smithville,Bastrop County,Rural,East,77788.89,2011,8434,15.9,72.3,8.2,1.0,1.6,1.0,100.0,0.44481000000000004
498,78957,Smithville,Bastrop County,Rural,East,78559.38,2012,8487,19.7,70.2,7.0,1.0,1.4,0.8,100.1,0.46312700000000007
499,78957,Smithville,Bastrop County,Rural,East,79349.02,2013,8502,17.9,68.6,10.3,1.3,0.8,1.1,100.0,0.4864
500,78957,Smithville,Bastrop County,Rural,East,80602.31,2014,8746,18.7,68.7,9.8,0.6,0.8,1.4,100.0,0.483162
501,78957,Smithville,Bastrop County,Rural,East,82083.77,2015,9170,13.2,72.8,10.3,0.6,0.8,2.4,100.1,0.44130699999999995
502,78957,Smithville,Bastrop County,Rural,East,84086.25,2016,9146,12.9,73.4,9.9,0.5,0.6,2.7,100.0,0.434012
503,78957,Smithville,Bastrop County,Rural,East,86602.38,2017,9310,10.8,72.2,12.6,0.9,1.3,2.1,99.9,0.450485
